board,turn,move_num,result,result_scaled,result_scaled_tempo
rnbqkbnr/pppppppp/8/8/8/8/PPPPPPPP/RNBQKBNR w KQkq - 0 1,True,1,1,5.6953125,5.6953125
rnbqkbnr/pppppppp/8/8/3P4/8/PPP1PPPP/RNBQKBNR b KQkq - 0 1,False,1,1,5.6953125,5.6953125
rnbqkbnr/pp1ppppp/8/2p5/3P4/8/PPP1PPPP/RNBQKBNR w KQkq - 0 2,True,2,1,5.6953125,5.6953125
rnbqkbnr/pp1ppppp/8/2pP4/8/8/PPP1PPPP/RNBQKBNR b KQkq - 0 2,False,2,1,5.6953125,5.6953125
rnbqkb1r/pp1ppppp/5n2/2pP4/8/8/PPP1PPPP/RNBQKBNR w KQkq - 1 3,True,3,1,5.6953125,5.6953125
rnbqkb1r/pp1ppppp/5n2/2pP4/8/5N2/PPP1PPPP/RNBQKB1R b KQkq - 2 3,False,3,1,5.6953125,5.6953125
rnbqkb1r/pp1ppp1p/5np1/2pP4/8/5N2/PPP1PPPP/RNBQKB1R w KQkq - 0 4,True,4,1,5.6953125,5.6953125
rnbqkb1r/pp1ppp1p/5np1/2pP4/2P5/5N2/PP2PPPP/RNBQKB1R b KQkq - 0 4,False,4,1,5.6953125,5.6953125
rnbqkb1r/p2ppp1p/5np1/1ppP4/2P5/5N2/PP2PPPP/RNBQKB1R w KQkq - 0 5,True,5,1,5.6953125,5.6953125
rnbqkb1r/p2ppp1p/5np1/1PpP4/8/5N2/PP2PPPP/RNBQKB1R b KQkq - 0 5,False,5,1,5.6953125,5.6953125
rnbqkb1r/3ppp1p/p4np1/1PpP4/8/5N2/PP2PPPP/RNBQKB1R w KQkq - 0 6,True,6,1,5.6953125,5.6953125
rnbqkb1r/3ppp1p/P4np1/2pP4/8/5N2/PP2PPPP/RNBQKB1R b KQkq - 0 6,False,6,1,5.6953125,5.6953125
rn1qkb1r/3ppp1p/b4np1/2pP4/8/5N2/PP2PPPP/RNBQKB1R w KQkq - 0 7,True,7,1,5.6953125,5.6953125
rn1qkb1r/3ppp1p/b4np1/2pP4/8/2N2N2/PP2PPPP/R1BQKB1R b KQkq - 1 7,False,7,1,5.6953125,5.6953125
rn1qk2r/3pppbp/b4np1/2pP4/8/2N2N2/PP2PPPP/R1BQKB1R w KQkq - 2 8,True,8,1,5.6953125,5.6953125
rn1qk2r/3pppbp/b4np1/2pP4/P7/2N2N2/1P2PPPP/R1BQKB1R b KQkq - 0 8,False,8,1,5.6953125,5.6953125
rn2k2r/3pppbp/b4np1/q1pP4/P7/2N2N2/1P2PPPP/R1BQKB1R w KQkq - 1 9,True,9,1,5.6953125,5.6953125
rn2k2r/3pppbp/b4np1/q1pP4/P7/R1N2N2/1P2PPPP/2BQKB1R b Kkq - 2 9,False,9,1,5.6953125,5.6953125
rn3rk1/3pppbp/b4np1/q1pP4/P7/R1N2N2/1P2PPPP/2BQKB1R w K - 3 10,True,10,1,5.6953125,5.6953125
rn3rk1/3pppbp/b4np1/q1pP4/P7/R1N2N2/1P1BPPPP/3QKB1R b K - 4 10,False,10,1,5.6953125,5.6953125
rn3rk1/4ppbp/b2p1np1/q1pP4/P7/R1N2N2/1P1BPPPP/3QKB1R w K - 0 11,True,11,1,5.6953125,5.6953125
rn3rk1/4ppbp/b2p1np1/q1pP4/P7/R1N2NP1/1P1BPP1P/3QKB1R b K - 0 11,False,11,1,5.6953125,5.6953125
r4rk1/3nppbp/b2p1np1/q1pP4/P7/R1N2NP1/1P1BPP1P/3QKB1R w K - 1 12,True,12,1,5.6953125,5.6953125
r4rk1/3nppbp/b2p1np1/q1pP4/P3P3/R1N2NP1/1P1B1P1P/3QKB1R b K - 0 12,False,12,1,5.6953125,5.6953125
r4rk1/3nppbp/3p1np1/q1pP4/P3P3/R1N2NP1/1P1B1P1P/3QKb1R w K - 0 13,True,13,1,5.6953125,5.6953125
r4rk1/3nppbp/3p1np1/q1pP4/P3P3/R1N2NP1/1P1B1P1P/3Q1K1R b - - 0 13,False,13,1,5.6953125,5.6953125
r4rk1/3nppbp/3p1np1/2pP4/Pq2P3/R1N2NP1/1P1B1P1P/3Q1K1R w - - 1 14,True,14,1,5.6953125,5.6953125
r4rk1/3nppbp/3p1np1/2pP4/Pq2P3/R1N2NP1/1PQB1P1P/5K1R b - - 2 14,False,14,1,5.6953125,5.6953125
rr4k1/3nppbp/3p1np1/2pP4/Pq2P3/R1N2NP1/1PQB1P1P/5K1R w - - 3 15,True,15,1,5.6953125,5.6953125
rr4k1/3nppbp/3p1np1/2pP4/Pq2P3/2N2NP1/RPQB1P1P/5K1R b - - 4 15,False,15,1,5.6953125,5.6953125
rr4k1/3nppbp/3p2p1/2pP4/Pq2P1n1/2N2NP1/RPQB1P1P/5K1R w - - 5 16,True,16,1,5.6953125,5.6953125
rr4k1/3nppbp/3p2p1/2pP4/Pq2P1n1/5NP1/RPQB1P1P/3N1K1R b - - 6 16,False,16,1,5.6953125,5.6953125
rr4k1/3nppbp/3p2p1/2pP4/P3P1n1/1q3NP1/RPQB1P1P/3N1K1R w - - 7 17,True,17,1,5.6953125,5.6953125
rr4k1/3nppbp/3p2p1/2pP4/P3P1n1/1Q3NP1/RP1B1P1P/3N1K1R b - - 0 17,False,17,1,5.6953125,5.6953125
r5k1/3nppbp/3p2p1/2pP4/P3P1n1/1r3NP1/RP1B1P1P/3N1K1R w - - 0 18,True,18,1,5.6953125,5.6953125
r5k1/3nppbp/3p2p1/2pP4/P3P1n1/1rB2NP1/RP3P1P/3N1K1R b - - 1 18,False,18,1,5.6953125,5.6953125
r5k1/3npp1p/3p2p1/2pP4/P3P1n1/1rb2NP1/RP3P1P/3N1K1R w - - 0 19,True,19,1,5.6953125,5.6953125
r5k1/3npp1p/3p2p1/2pP4/P3P1n1/1rP2NP1/R4P1P/3N1K1R b - - 0 19,False,19,1,5.6953125,5.6953125
r5k1/1r1npp1p/3p2p1/2pP4/P3P1n1/2P2NP1/R4P1P/3N1K1R w - - 1 20,True,20,1,5.6953125,5.6953125
r5k1/1r1npp1p/3p2p1/2pP4/P3P1n1/2P2NP1/RN3P1P/5K1R b - - 2 20,False,20,1,5.6953125,5.6953125
r5k1/1r1np2p/3p2p1/2pP1p2/P3P1n1/2P2NP1/RN3P1P/5K1R w - - 0 21,True,21,1,5.6953125,5.6953125
r5k1/1r1np2p/3p2p1/2pP1P2/P5n1/2P2NP1/RN3P1P/5K1R b - - 0 21,False,21,1,5.6953125,5.6953125
r5k1/1r1np2p/3p4/2pP1p2/P5n1/2P2NP1/RN3P1P/5K1R w - - 0 22,True,22,1,5.6953125,5.6953125
r5k1/1r1np2p/3p4/2pP1p2/P5n1/2P2NP1/RN3PKP/7R b - - 1 22,False,22,1,5.6953125,5.6953125
r5k1/1r2p2p/1n1p4/2pP1p2/P5n1/2P2NP1/RN3PKP/7R w - - 2 23,True,23,1,5.6953125,5.6953125
r5k1/1r2p2p/1n1p4/2pP1p2/P1P3n1/5NP1/RN3PKP/7R b - - 0 23,False,23,1,5.6953125,5.6953125
1r4k1/1r2p2p/1n1p4/2pP1p2/P1P3n1/5NP1/RN3PKP/7R w - - 1 24,True,24,1,5.6953125,5.6953125
1r4k1/1r2p2p/1n1p4/P1pP1p2/2P3n1/5NP1/RN3PKP/7R b - - 0 24,False,24,1,5.6953125,5.6953125
1r4k1/1r2p2p/3p4/P1pn1p2/2P3n1/5NP1/RN3PKP/7R w - - 0 25,True,25,1,5.6953125,5.6953125
1r4k1/1r2p2p/3p4/P1pn1p2/2P3n1/3N1NP1/R4PKP/7R b - - 1 25,False,25,1,5.6953125,5.6953125
1r4k1/1rn1p2p/3p4/P1p2p2/2P3n1/3N1NP1/R4PKP/7R w - - 2 26,True,26,1,5.6953125,5.6953125
1r4k1/1rn1p2p/3p4/P1p2p2/2P3n1/3N1NP1/R4PKP/5R2 b - - 3 26,False,26,1,5.6953125,5.6953125
1r4k1/1rn1p2p/3p1n2/P1p2p2/2P5/3N1NP1/R4PKP/5R2 w - - 4 27,True,27,1,5.6953125,5.6953125
1r4k1/1rn1p2p/3p1n2/P1p2p2/2P5/3N1NP1/R4PKP/4R3 b - - 5 27,False,27,1,5.6953125,5.6953125
1r3k2/1rn1p2p/3p1n2/P1p2p2/2P5/3N1NP1/R4PKP/4R3 w - - 6 28,True,28,1,5.6953125,5.6953125
1r3k2/1rn1p2p/3p1n2/P1p2p2/2P4N/3N2P1/R4PKP/4R3 b - - 7 28,False,28,1,5.6953125,5.6953125
1r3k2/1rn4p/3ppn2/P1p2p2/2P4N/3N2P1/R4PKP/4R3 w - - 0 29,True,29,1,5.6953125,5.6953125
1r3k2/1rn4p/3ppn2/P1p2p2/2P2N1N/6P1/R4PKP/4R3 b - - 1 29,False,29,1,5.6953125,5.6953125
1r3k2/1rn4p/3pp3/P1p2p2/2P1nN1N/6P1/R4PKP/4R3 w - - 2 30,True,30,1,5.6953125,5.6953125
1r3k2/1rn4p/3pN3/P1p2p2/2P1n2N/6P1/R4PKP/4R3 b - - 0 30,False,30,1,5.6953125,5.6953125
1r3k2/1r5p/3pn3/P1p2p2/2P1n2N/6P1/R4PKP/4R3 w - - 0 31,True,31,1,5.6953125,5.6953125
1r3k2/1r5p/3pn3/P1p2N2/2P1n3/6P1/R4PKP/4R3 b - - 0 31,False,31,1,5.6953125,5.6953125
1r3k2/1r5p/3pn3/P1p2N2/2P5/2n3P1/R4PKP/4R3 w - - 1 32,True,32,1,5.6953125,5.6953125
1r3k2/1r5p/3pn3/P1p2N2/2P5/2n3P1/3R1PKP/4R3 b - - 2 32,False,32,1,5.6953125,5.6953125
1r3k2/1r4np/3p4/P1p2N2/2P5/2n3P1/3R1PKP/4R3 w - - 3 33,True,33,1,5.6953125,5.6953125
1r3k2/1r4np/3N4/P1p5/2P5/2n3P1/3R1PKP/4R3 b - - 0 33,False,33,1,5.6953125,5.6953125
1r3k2/r5np/3N4/P1p5/2P5/2n3P1/3R1PKP/4R3 w - - 1 34,True,34,1,5.6953125,5.6953125
1r3k2/r5np/3N4/P1p5/2P5/2n1R1P1/3R1PKP/8 b - - 2 34,False,34,1,5.6953125,5.6953125
1r3k2/r5np/3N4/P1p5/n1P5/4R1P1/3R1PKP/8 w - - 3 35,True,35,1,5.6953125,5.6953125
1r3k2/r5np/8/PNp5/n1P5/4R1P1/3R1PKP/8 b - - 4 35,False,35,1,5.6953125,5.6953125
1r3k2/6np/8/rNp5/n1P5/4R1P1/3R1PKP/8 w - - 0 36,True,36,1,5.6953125,5.6953125
1r3k2/6np/8/rNp5/n1P5/4R1P1/R4PKP/8 b - - 1 36,False,36,1,5.6953125,5.6953125
1r4k1/6np/8/rNp5/n1P5/4R1P1/R4PKP/8 w - - 2 37,True,37,1,5.6953125,5.6953125
1r4k1/6np/8/rNp5/n1P5/R5P1/R4PKP/8 b - - 3 37,False,37,1,5.6953125,5.6953125
1r4k1/6np/8/1rp5/n1P5/R5P1/R4PKP/8 w - - 0 38,True,38,1,5.6953125,5.6953125
1r4k1/6np/8/1Pp5/n7/R5P1/R4PKP/8 b - - 0 38,False,38,1,5.6953125,5.6953125
1r4k1/6np/1n6/1Pp5/8/R5P1/R4PKP/8 w - - 1 39,True,39,1,5.6953125,5.6953125
1r4k1/6np/1n6/1Pp5/8/R5P1/4RPKP/8 b - - 2 39,False,39,1,5.6953125,5.6953125
6k1/1r4np/1n6/1Pp5/8/R5P1/4RPKP/8 w - - 3 40,True,40,1,5.6953125,5.6953125
6k1/1r4np/1n6/1Pp5/8/5RP1/4RPKP/8 b - - 4 40,False,40,1,5.6953125,5.6953125
6k1/1r4np/8/1Pp5/n7/5RP1/4RPKP/8 w - - 5 41,True,41,1,5.6953125,5.6953125
6k1/1r4np/8/1Pp5/n3R3/5RP1/5PKP/8 b - - 6 41,False,41,1,5.6953125,5.6953125
6k1/1r4np/1n6/1Pp5/4R3/5RP1/5PKP/8 w - - 7 42,True,42,1,5.6953125,5.6953125
6k1/1r4np/1n3R2/1Pp5/4R3/6P1/5PKP/8 b - - 8 42,False,42,1,5.6953125,5.6953125
6k1/1r4np/5R2/1Ppn4/4R3/6P1/5PKP/8 w - - 9 43,True,43,1,5.6953125,5.6953125
6k1/1r4np/3R4/1Ppn4/4R3/6P1/5PKP/8 b - - 10 43,False,43,1,5.6953125,5.6953125
6k1/1r4np/1n1R4/1Pp5/4R3/6P1/5PKP/8 w - - 11 44,True,44,1,5.6953125,5.6953125
6k1/1r4np/1nR5/1Pp5/4R3/6P1/5PKP/8 b - - 12 44,False,44,1,5.6953125,5.6953125
6k1/1r1n2np/2R5/1Pp5/4R3/6P1/5PKP/8 w - - 13 45,True,45,1,5.6953125,5.6953125
6k1/1r1n2np/2R5/1Pp5/5R2/6P1/5PKP/8 b - - 14 45,False,45,1,5.6953125,5.6953125
1r4k1/3n2np/2R5/1Pp5/5R2/6P1/5PKP/8 w - - 15 46,True,46,1,5.6953125,5.6953125
1r4k1/2Rn2np/8/1Pp5/5R2/6P1/5PKP/8 b - - 16 46,False,46,1,5.6953125,5.6953125
1r3nk1/2R3np/8/1Pp5/5R2/6P1/5PKP/8 w - - 17 47,True,47,1,5.6953125,5.6953125
1r3nk1/2R2Rnp/8/1Pp5/8/6P1/5PKP/8 b - - 18 47,False,47,1,5.6953125,5.6953125
1r2nnk1/2R2R1p/8/1Pp5/8/6P1/5PKP/8 w - - 19 48,True,48,1,5.6953125,5.6953125
1r2nnk1/1R3R1p/8/1Pp5/8/6P1/5PKP/8 b - - 20 48,False,48,1,5.6953125,5.6953125
3rnnk1/1R3R1p/8/1Pp5/8/6P1/5PKP/8 w - - 21 49,True,49,1,5.6953125,5.6953125
3rnnk1/1R5p/8/1Pp2R2/8/6P1/5PKP/8 b - - 22 49,False,49,1,5.6953125,5.6953125
3r1nk1/1R5p/3n4/1Pp2R2/8/6P1/5PKP/8 w - - 23 50,True,50,1,5.6953125,5.6953125
3r1nk1/1R5p/3n4/1Pp3R1/8/6P1/5PKP/8 b - - 24 50,False,50,1,5.6953125,5.6953125
3r2k1/1R5p/3n2n1/1Pp3R1/8/6P1/5PKP/8 w - - 25 51,True,51,1,5.6953125,5.6953125
3r2k1/7p/1R1n2n1/1Pp3R1/8/6P1/5PKP/8 b - - 26 51,False,51,1,5.6953125,5.6953125
3r2k1/7p/1R4n1/1Pp3R1/4n3/6P1/5PKP/8 w - - 27 52,True,52,1,5.6953125,5.6953125
3r2k1/7p/1R4n1/1Pp2R2/4n3/6P1/5PKP/8 b - - 28 52,False,52,1,5.6953125,5.6953125
4r1k1/7p/1R4n1/1Pp2R2/4n3/6P1/5PKP/8 w - - 29 53,True,53,1,5.6953125,5.6953125
4r1k1/7p/1R4n1/1PpR4/4n3/6P1/5PKP/8 b - - 30 53,False,53,1,5.6953125,5.6953125
4r1k1/7p/1R4n1/1PpR4/8/2n3P1/5PKP/8 w - - 31 54,True,54,1,5.6953125,5.6953125
4r1k1/7p/1R4n1/1Pp3R1/8/2n3P1/5PKP/8 b - - 32 54,False,54,1,5.6953125,5.6953125
5rk1/7p/1R4n1/1Pp3R1/8/2n3P1/5PKP/8 w - - 33 55,True,55,1,5.6953125,5.6953125
5rk1/7p/1R4n1/1Pp3R1/8/2n2PP1/6KP/8 b - - 0 55,False,55,1,5.6953125,5.6953125
3r2k1/7p/1R4n1/1Pp3R1/8/2n2PP1/6KP/8 w - - 1 56,True,56,1,5.6953125,5.6953125
3r2k1/7p/1R4n1/1Pp3R1/7P/2n2PP1/6K1/8 b - - 0 56,False,56,1,5.6953125,5.6953125
3r3k/7p/1R4n1/1Pp3R1/7P/2n2PP1/6K1/8 w - - 1 57,True,57,1,5.6953125,5.6953125
3r3k/7p/1R4n1/1Pp3R1/7P/2n2PPK/8/8 b - - 2 57,False,57,1,5.6953125,5.6953125
3r3k/4n2p/1R6/1Pp3R1/7P/2n2PPK/8/8 w - - 3 58,True,58,1,5.6953125,5.6953125
3r3k/4n2p/4R3/1Pp3R1/7P/2n2PPK/8/8 b - - 4 58,False,58,1,5.6953125,5.6953125
3r3k/4n2p/4R3/1Ppn2R1/7P/5PPK/8/8 w - - 5 59,True,59,1,5.6953125,5.6953125
3r3k/4n2p/1P2R3/2pn2R1/7P/5PPK/8/8 b - - 0 59,False,59,1,5.6953125,5.6953125
3r3k/4n2p/1P2R3/3n2R1/2p4P/5PPK/8/8 w - - 0 60,True,60,1,5.6953125,5.6953125
3r3k/1P2n2p/4R3/3n2R1/2p4P/5PPK/8/8 b - - 0 60,False,60,1,5.6953125,5.6953125
1r5k/1P2n2p/4R3/3n2R1/2p4P/5PPK/8/8 w - - 1 61,True,61,1,5.6953125,5.6953125
1r5k/1P2n2p/3R4/3n2R1/2p4P/5PPK/8/8 b - - 2 61,False,61,1,5.6953125,5.6953125
1r5k/1P2n2p/3R4/3n2R1/7P/2p2PPK/8/8 w - - 0 62,True,62,1,5.6953125,5.6953125
1r5k/1P2n2p/8/3R2R1/7P/2p2PPK/8/8 b - - 0 62,False,62,1,5.6953125,5.6953125
1r5k/1P5p/8/3n2R1/7P/2p2PPK/8/8 w - - 0 63,True,63,1,5.6953125,5.6953125
1r5k/1P5p/8/3R4/7P/2p2PPK/8/8 b - - 0 63,False,63,1,5.6953125,5.6953125
7k/1r5p/8/3R4/7P/2p2PPK/8/8 w - - 0 64,True,64,1,5.6953125,5.6953125
3R3k/1r5p/8/8/7P/2p2PPK/8/8 b - - 1 64,False,64,1,5.6953125,5.6953125
3R4/1r4kp/8/8/7P/2p2PPK/8/8 w - - 2 65,True,65,1,5.6953125,5.6953125
2R5/1r4kp/8/8/7P/2p2PPK/8/8 b - - 3 65,False,65,1,5.6953125,5.6953125
2R5/6kp/8/8/7P/1rp2PPK/8/8 w - - 4 66,True,66,1,5.6953125,5.6953125
2R5/6kp/8/8/6KP/1rp2PP1/8/8 b - - 5 66,False,66,1,5.6953125,5.6953125
2R5/7p/6k1/8/6KP/1rp2PP1/8/8 w - - 6 67,True,67,1,5.6953125,5.6953125
2R5/7p/6k1/8/5K1P/1rp2PP1/8/8 b - - 7 67,False,67,1,5.6953125,5.6953125
2R5/7p/6k1/8/1r3K1P/2p2PP1/8/8 w - - 8 68,True,68,1,5.6953125,5.6953125
2R5/7p/6k1/4K3/1r5P/2p2PP1/8/8 b - - 9 68,False,68,1,5.6953125,5.6953125
2R5/7p/6k1/4K3/7P/1rp2PP1/8/8 w - - 10 69,True,69,1,5.6953125,5.6953125
8/7p/2R3k1/4K3/7P/1rp2PP1/8/8 b - - 11 69,False,69,1,5.6953125,5.6953125
8/6kp/2R5/4K3/7P/1rp2PP1/8/8 w - - 12 70,True,70,1,5.6953125,5.6953125
8/6kp/2R5/8/5K1P/1rp2PP1/8/8 b - - 13 70,False,70,1,5.6953125,5.6953125
rnbqkbnr/pppppppp/8/8/8/8/PPPPPPPP/RNBQKBNR w KQkq - 0 1,True,1,0,0,0
rnbqkbnr/pppppppp/8/8/8/5N2/PPPPPPPP/RNBQKB1R b KQkq - 1 1,False,1,2,2.25,2.055
rnbqkb1r/pppppppp/5n2/8/8/5N2/PPPPPPPP/RNBQKB1R w KQkq - 2 2,True,2,0,0,0
rnbqkb1r/pppppppp/5n2/8/8/5NP1/PPPPPP1P/RNBQKB1R b KQkq - 0 2,False,2,2,7.59375,6.935625
rnbqkb1r/ppp1pppp/5n2/3p4/8/5NP1/PPPPPP1P/RNBQKB1R w KQkq - 0 3,True,3,0,0,0
rnbqkb1r/ppp1pppp/5n2/3p4/3P4/5NP1/PPP1PP1P/RNBQKB1R b KQkq - 0 3,False,3,2,7.59375,6.935625
rnbqkb1r/pp2pppp/2p2n2/3p4/3P4/5NP1/PPP1PP1P/RNBQKB1R w KQkq - 0 4,True,4,0,0,0
rnbqkb1r/pp2pppp/2p2n2/3p4/2PP4/5NP1/PP2PP1P/RNBQKB1R b KQkq - 0 4,False,4,2,7.59375,6.935625
rnbqkb1r/pp2pp1p/2p2np1/3p4/2PP4/5NP1/PP2PP1P/RNBQKB1R w KQkq - 0 5,True,5,0,0,0
rnbqkb1r/pp2pp1p/2p2np1/3p4/2PP4/5NP1/PP2PPBP/RNBQK2R b KQkq - 1 5,False,5,2,7.59375,6.935625
rnbqk2r/pp2ppbp/2p2np1/3p4/2PP4/5NP1/PP2PPBP/RNBQK2R w KQkq - 2 6,True,6,0,0,0
rnbqk2r/pp2ppbp/2p2np1/3pN3/2PP4/6P1/PP2PPBP/RNBQK2R b KQkq - 3 6,False,6,2,7.59375,6.935625
rn1qk2r/pp2ppbp/2p1bnp1/3pN3/2PP4/6P1/PP2PPBP/RNBQK2R w KQkq - 4 7,True,7,0,0,0
rn1qk2r/pp2ppbp/2p1bnp1/3PN3/3P4/6P1/PP2PPBP/RNBQK2R b KQkq - 0 7,False,7,2,7.59375,6.935625
rn1qk2r/pp2ppbp/2p2np1/3bN3/3P4/6P1/PP2PPBP/RNBQK2R w KQkq - 0 8,True,8,0,0,0
rn1qk2r/pp2ppbp/2p2np1/3b4/3P4/5NP1/PP2PPBP/RNBQK2R b KQkq - 1 8,False,8,2,7.59375,6.935625
rn2k2r/pp2ppbp/2p2np1/q2b4/3P4/5NP1/PP2PPBP/RNBQK2R w KQkq - 2 9,True,9,0,0,0
rn2k2r/pp2ppbp/2p2np1/q2b4/3P4/5NP1/PP1BPPBP/RN1QK2R b KQkq - 3 9,False,9,2,7.59375,6.935625
rn1qk2r/pp2ppbp/2p2np1/3b4/3P4/5NP1/PP1BPPBP/RN1QK2R w KQkq - 4 10,True,10,0,0,0
rn1qk2r/pp2ppbp/2p2np1/3b4/3P4/4PNP1/PP1B1PBP/RN1QK2R b KQkq - 0 10,False,10,2,7.59375,6.935625
rn1qk2r/pp2ppbp/5np1/2pb4/3P4/4PNP1/PP1B1PBP/RN1QK2R w KQkq - 0 11,True,11,0,0,0
rn1qk2r/pp2ppbp/5np1/2Pb4/8/4PNP1/PP1B1PBP/RN1QK2R b KQkq - 0 11,False,11,2,7.59375,6.935625
r2qk2r/pp2ppbp/n4np1/2Pb4/8/4PNP1/PP1B1PBP/RN1QK2R w KQkq - 1 12,True,12,0,0,0
r2qk2r/pp2ppbp/n4np1/2Pb4/8/2N1PNP1/PP1B1PBP/R2QK2R b KQkq - 2 12,False,12,2,7.59375,6.935625
r2qk2r/pp2ppbp/n1b2np1/2P5/8/2N1PNP1/PP1B1PBP/R2QK2R w KQkq - 3 13,True,13,0,0,0
r2qk2r/pp2ppbp/n1b2np1/2P5/8/2N1PNP1/PP1B1PBP/1R1QK2R b Kkq - 4 13,False,13,2,7.59375,6.935625
r2qk2r/pp2ppbp/2b2np1/2n5/8/2N1PNP1/PP1B1PBP/1R1QK2R w Kkq - 0 14,True,14,0,0,0
r2qk2r/pp2ppbp/2b2np1/2n5/8/2N1PNP1/PP1BQPBP/1R2K2R b Kkq - 1 14,False,14,2,7.59375,6.935625
r2q1rk1/pp2ppbp/2b2np1/2n5/8/2N1PNP1/PP1BQPBP/1R2K2R w K - 2 15,True,15,0,0,0
r2q1rk1/pp2ppbp/2b2np1/2n5/8/2N1PNP1/PP1BQPBP/1R3RK1 b - - 3 15,False,15,2,7.59375,6.935625
r4rk1/pp2ppbp/2b2np1/2n5/8/2NqPNP1/PP1BQPBP/1R3RK1 w - - 4 16,True,16,0,0,0
r4rk1/pp2ppbp/2b2np1/2n5/3N4/2NqP1P1/PP1BQPBP/1R3RK1 b - - 5 16,False,16,2,7.59375,6.935625
r4rk1/pp2ppbp/2b2np1/2n5/3N4/2N1P1P1/PP1BqPBP/1R3RK1 w - - 0 17,True,17,0,0,0
r4rk1/pp2ppbp/2b2np1/2n5/3N4/4P1P1/PP1BNPBP/1R3RK1 b - - 0 17,False,17,2,7.59375,6.935625
r4rk1/pp2ppbp/5np1/2n5/3Nb3/4P1P1/PP1BNPBP/1R3RK1 w - - 1 18,True,18,0,0,0
r4rk1/pp2ppbp/5np1/2n5/3NB3/4P1P1/PP1BNP1P/1R3RK1 b - - 0 18,False,18,2,7.59375,6.935625
r4rk1/pp2ppbp/5np1/8/3Nn3/4P1P1/PP1BNP1P/1R3RK1 w - - 0 19,True,19,0,0,0
r4rk1/pp2ppbp/5np1/8/4n3/1N2P1P1/PP1BNP1P/1R3RK1 b - - 1 19,False,19,2,7.59375,6.935625
r2r2k1/pp2ppbp/5np1/8/4n3/1N2P1P1/PP1BNP1P/1R3RK1 w - - 2 20,True,20,0,0,0
r2r2k1/pp2ppbp/5np1/8/4n3/1N2P1P1/PP1BNP1P/1R1R2K1 b - - 3 20,False,20,2,7.59375,6.935625
r2r2k1/pp2ppbp/5np1/8/8/1N2P1P1/PP1nNP1P/1R1R2K1 w - - 0 21,True,21,0,0,0
r2r2k1/pp2ppbp/5np1/8/8/4P1P1/PP1NNP1P/1R1R2K1 b - - 0 21,False,21,2,7.59375,6.935625
2rr2k1/pp2ppbp/5np1/8/8/4P1P1/PP1NNP1P/1R1R2K1 w - - 1 22,True,22,0,0,0
2rr2k1/pp2ppbp/5np1/8/3N4/4P1P1/PP1N1P1P/1R1R2K1 b - - 2 22,False,22,2,7.59375,6.935625
2rr2k1/pp1nppbp/6p1/8/3N4/4P1P1/PP1N1P1P/1R1R2K1 w - - 3 23,True,23,0,0,0
2rr2k1/pp1nppbp/6p1/8/3N4/4P1P1/PP1N1P1P/1RR3K1 b - - 4 23,False,23,2,7.59375,6.935625
2rr2k1/pp1nppb1/6p1/7p/3N4/4P1P1/PP1N1P1P/1RR3K1 w - - 0 24,True,24,0,0,0
2rr2k1/pp1nppb1/6p1/7p/3N4/4P1P1/PP1N1P1P/1RR2K2 b - - 1 24,False,24,2,7.59375,6.935625
2rr2k1/pp2ppb1/6p1/2n4p/3N4/4P1P1/PP1N1P1P/1RR2K2 w - - 2 25,True,25,0,0,0
2rr2k1/pp2ppb1/6p1/2n4p/3N4/1N2P1P1/PP3P1P/1RR2K2 b - - 3 25,False,25,2,7.59375,6.935625
2rr2k1/pp2ppb1/6p1/7p/n2N4/1N2P1P1/PP3P1P/1RR2K2 w - - 4 26,True,26,0,0,0
2rr2k1/pp2ppb1/6p1/7p/n2N3P/1N2P1P1/PP3P2/1RR2K2 b - - 0 26,False,26,2,7.59375,6.935625
2rr1k2/pp2ppb1/6p1/7p/n2N3P/1N2P1P1/PP3P2/1RR2K2 w - - 1 27,True,27,0,0,0
2rr1k2/pp2ppb1/6p1/1N5p/n6P/1N2P1P1/PP3P2/1RR2K2 b - - 2 27,False,27,2,7.59375,6.935625
2rr1k2/1p2ppb1/p5p1/1N5p/n6P/1N2P1P1/PP3P2/1RR2K2 w - - 0 28,True,28,0,0,0
2rr1k2/1p2ppb1/p5p1/7p/n2N3P/1N2P1P1/PP3P2/1RR2K2 b - - 1 28,False,28,2,7.59375,6.935625
2rr1k2/4ppb1/p5p1/1p5p/n2N3P/1N2P1P1/PP3P2/1RR2K2 w - - 0 29,True,29,0,0,0
2rr1k2/4ppb1/p5p1/1p5p/n2N3P/1N2P1P1/PP2KP2/1RR5 b - - 1 29,False,29,2,7.59375,6.935625
3r1k2/4ppb1/p5p1/1p5p/n2N3P/1N2P1P1/PP2KP2/1Rr5 w - - 0 30,True,30,0,0,0
3r1k2/4ppb1/p5p1/1p5p/n2N3P/4P1P1/PP2KP2/1RN5 b - - 0 30,False,30,2,7.59375,6.935625
2r2k2/4ppb1/p5p1/1p5p/n2N3P/4P1P1/PP2KP2/1RN5 w - - 1 31,True,31,0,0,0
2r2k2/4ppb1/p5p1/1p5p/n2N1P1P/4P1P1/PP2K3/1RN5 b - - 0 31,False,31,2,7.59375,6.935625
2r2k2/5pb1/p5p1/1p2p2p/n2N1P1P/4P1P1/PP2K3/1RN5 w - - 0 32,True,32,0,0,0
2r2k2/5pb1/p5p1/1p2P2p/n2N3P/4P1P1/PP2K3/1RN5 b - - 0 32,False,32,2,7.59375,6.935625
2r2k2/5p2/p5p1/1p2b2p/n2N3P/4P1P1/PP2K3/1RN5 w - - 0 33,True,33,0,0,0
2r2k2/5p2/p5p1/1p2b2p/n2N3P/4P1P1/PP3K2/1RN5 b - - 1 33,False,33,2,7.59375,6.935625
2r2k2/5p2/p5p1/1p5p/n2b3P/4P1P1/PP3K2/1RN5 w - - 0 34,True,34,0,0,0
2r2k2/5p2/p5p1/1p5p/n2P3P/6P1/PP3K2/1RN5 b - - 0 34,False,34,2,7.59375,6.935625
5k2/5p2/p5p1/1p5p/n2P3P/6P1/PPr2K2/1RN5 w - - 1 35,True,35,0,0,0
5k2/5p2/p5p1/1p5p/n2P3P/5KP1/PPr5/1RN5 b - - 2 35,False,35,2,7.59375,6.935625
5k2/5p2/p5p1/1p5p/3P3P/5KP1/Pnr5/1RN5 w - - 0 36,True,36,0,0,0
5k2/5p2/p5p1/1p5p/3PK2P/6P1/Pnr5/1RN5 b - - 1 36,False,36,2,7.59375,6.935625
5k2/5p2/p5p1/1p5p/n2PK2P/6P1/P1r5/1RN5 w - - 2 37,True,37,0,0,0
5k2/5p2/p5p1/1p5p/n2PK2P/6P1/P1r5/R1N5 b - - 3 37,False,37,2,7.59375,6.935625
8/4kp2/p5p1/1p5p/n2PK2P/6P1/P1r5/R1N5 w - - 4 38,True,38,0,0,0
8/4kp2/p5p1/1p5p/n2PK2P/1N4P1/P1r5/R7 b - - 5 38,False,38,2,7.59375,6.935625
8/4kp2/p5p1/1p5p/n2PK2P/1N4P1/r7/R7 w - - 0 39,True,39,0,0,0
8/4kp2/p5p1/1p5p/n2PK2P/1N4P1/r7/4R3 b - - 1 39,False,39,2,7.59375,6.935625
8/5p2/p2k2p1/1p5p/n2PK2P/1N4P1/r7/4R3 w - - 2 40,True,40,0,0,0
8/5p2/p2k2p1/1p5p/n2PK2P/1N4P1/r7/5R2 b - - 3 40,False,40,2,7.59375,6.935625
8/8/p2k2p1/1p3p1p/n2PK2P/1N4P1/r7/5R2 w - - 0 41,True,41,0,0,0
8/8/p2k2p1/1p3p1p/n2P3P/1N3KP1/r7/5R2 b - - 1 41,False,41,2,7.59375,6.935625
8/8/p2k2p1/1p3p1p/3P3P/1Nn2KP1/r7/5R2 w - - 2 42,True,42,0,0,0
8/8/p2k2p1/1pN2p1p/3P3P/2n2KP1/r7/5R2 b - - 3 42,False,42,2,7.59375,6.935625
8/8/p5p1/1pNk1p1p/3P3P/2n2KP1/r7/5R2 w - - 4 43,True,43,0,0,0
8/8/p5p1/1pNk1p1p/3P3P/2n1K1P1/r7/5R2 b - - 5 43,False,43,2,7.59375,6.935625
8/8/6p1/ppNk1p1p/3P3P/2n1K1P1/r7/5R2 w - - 0 44,True,44,0,0,0
8/8/6p1/ppNk1p1p/3P1K1P/2n3P1/r7/5R2 b - - 1 44,False,44,2,7.59375,6.935625
8/8/6p1/ppNk1p1p/3PnK1P/6P1/r7/5R2 w - - 2 45,True,45,0,0,0
8/8/6p1/ppNk1p1p/3PnK1P/6P1/r7/2R5 b - - 3 45,False,45,2,7.59375,6.935625
8/8/6p1/p1Nk1p1p/1p1PnK1P/6P1/r7/2R5 w - - 0 46,True,46,0,0,0
8/3N4/6p1/p2k1p1p/1p1PnK1P/6P1/r7/2R5 b - - 1 46,False,46,2,7.59375,6.935625
8/3N4/6p1/p2k1p1p/3PnK1P/1p4P1/r7/2R5 w - - 0 47,True,47,0,0,0
8/3N4/6p1/p2k1p1p/3Pn2P/1p2K1P1/r7/2R5 b - - 1 47,False,47,2,7.59375,6.935625
8/3N4/6p1/p2k1p1p/3Pn2P/1p2K1P1/2r5/2R5 w - - 2 48,True,48,0,0,0
8/3N4/6p1/p2k1p1p/3Pn2P/1p2K1P1/2r5/1R6 b - - 3 48,False,48,2,7.59375,6.935625
8/3N4/6p1/p2k1p1p/3Pn2P/1pr1K1P1/8/1R6 w - - 4 49,True,49,0,0,0
8/3N4/6p1/p2k1p1p/3PnK1P/1pr3P1/8/1R6 b - - 5 49,False,49,2,7.59375,6.935625
8/3N4/6p1/p2k1p1p/3P1K1P/1pr3P1/3n4/1R6 w - - 6 50,True,50,0,0,0
8/3N4/6p1/p2k1p1p/3P1K1P/1pr3P1/1R1n4/8 b - - 7 50,False,50,2,7.59375,6.935625
8/3N4/6p1/p2k1p1p/3P1K1P/1p4P1/1Rrn4/8 w - - 8 51,True,51,0,0,0
8/8/1N4p1/p2k1p1p/3P1K1P/1p4P1/1Rrn4/8 b - - 9 51,False,51,2,7.59375,6.935625
8/8/1N4p1/p4p1p/3k1K1P/1p4P1/1Rrn4/8 w - - 0 52,True,52,0,0,0
8/8/6p1/p4p1p/N2k1K1P/1p4P1/1Rrn4/8 b - - 1 52,False,52,2,7.59375,6.935625
8/8/6p1/p4p1p/N2k1K1P/1p4P1/1r1n4/8 w - - 0 53,True,53,0,0,0
8/8/6p1/p4p1p/3k1K1P/1p4P1/1N1n4/8 b - - 0 53,False,53,2,7.59375,6.935625
8/8/6p1/p4p1p/3knK1P/1p4P1/1N6/8 w - - 1 54,True,54,0,0,0
8/8/6p1/p4p1p/3knKPP/1p6/1N6/8 b - - 0 54,False,54,2,7.59375,6.935625
8/8/6p1/p6p/3knKpP/1p6/1N6/8 w - - 0 55,True,55,0,0,0
8/8/6p1/p6p/3knKpP/1p6/8/3N4 b - - 1 55,False,55,2,7.59375,6.935625
8/8/6p1/p6p/3k1KpP/1pn5/8/3N4 w - - 2 56,True,56,0,0,0
8/8/6p1/p6p/3k1KpP/1pn5/5N2/8 b - - 3 56,False,56,2,7.59375,6.935625
8/8/6p1/7p/p2k1KpP/1pn5/5N2/8 w - - 0 57,True,57,0,0,0
8/8/6p1/7p/p2k1KpP/1pn4N/8/8 b - - 1 57,False,57,2,7.59375,6.935625
8/8/6p1/3n3p/p2k1KpP/1p5N/8/8 w - - 2 58,True,58,0,0,0
8/8/6p1/3n2Kp/p2k2pP/1p5N/8/8 b - - 3 58,False,58,2,7.59375,6.935625
8/8/6p1/3n2Kp/p2k3P/1p5p/8/8 w - - 0 59,True,59,0,0,0
8/8/6K1/3n3p/p2k3P/1p5p/8/8 b - - 0 59,False,59,2,7.59375,6.935625
8/8/6K1/3n3p/p2k3P/7p/1p6/8 w - - 0 60,True,60,0,0,0
8/8/8/3n2Kp/p2k3P/7p/1p6/8 b - - 1 60,False,60,2,7.59375,6.935625
8/8/8/3n2Kp/3k3P/p6p/1p6/8 w - - 0 61,True,61,0,0,0
8/8/7K/3n3p/3k3P/p6p/1p6/8 b - - 1 61,False,61,2,7.59375,6.935625
8/8/7K/3n3p/3k3P/p6p/8/1q6 w - - 0 62,True,62,0,0,0
8/8/8/3n3K/3k3P/p6p/8/1q6 b - - 0 62,False,62,2,7.59375,6.935625
8/8/8/3n3K/3k3P/p7/7p/1q6 w - - 0 63,True,63,0,0,0
8/8/8/3n2K1/3k3P/p7/7p/1q6 b - - 1 63,False,63,2,7.59375,6.935625
8/8/8/3n2K1/7P/p1k5/7p/1q6 w - - 2 64,True,64,0,0,0
8/8/7K/3n4/7P/p1k5/7p/1q6 b - - 3 64,False,64,2,7.59375,6.935625
8/8/7K/3n4/7P/p1k5/7p/6q1 w - - 4 65,True,65,0,0,0
8/8/8/3n3K/7P/p1k5/7p/6q1 b - - 5 65,False,65,2,7.59375,6.935625
8/4n3/8/7K/7P/p1k5/7p/6q1 w - - 6 66,True,66,0,0,0
8/4n3/7K/8/7P/p1k5/7p/6q1 b - - 7 66,False,66,2,7.59375,6.935625
rnbqkbnr/pppppppp/8/8/8/8/PPPPPPPP/RNBQKBNR w KQkq - 0 1,True,1,2,11.390625,12.2259375
rnbqkbnr/pppppppp/8/8/3P4/8/PPP1PPPP/RNBQKBNR b KQkq - 0 1,False,1,0,0,0
rnbqkbnr/pppp1ppp/4p3/8/3P4/8/PPP1PPPP/RNBQKBNR w KQkq - 0 2,True,2,2,0.6666666666666666,0.7155555555555555
rnbqkbnr/pppp1ppp/4p3/8/3PP3/8/PPP2PPP/RNBQKBNR b KQkq - 0 2,False,2,0,0,0
rnbqkbnr/pp1p1ppp/4p3/2p5/3PP3/8/PPP2PPP/RNBQKBNR w KQkq - 0 3,True,3,2,0.6666666666666666,0.7155555555555555
rnbqkbnr/pp1p1ppp/4p3/2pP4/4P3/8/PPP2PPP/RNBQKBNR b KQkq - 0 3,False,3,0,0,0
rnbqk1nr/pp1pbppp/4p3/2pP4/4P3/8/PPP2PPP/RNBQKBNR w KQkq - 1 4,True,4,2,0.6666666666666666,0.7155555555555555
rnbqk1nr/pp1pbppp/3Pp3/2p5/4P3/8/PPP2PPP/RNBQKBNR b KQkq - 0 4,False,4,0,0,0
rnbqk1nr/pp1p1ppp/3Ppb2/2p5/4P3/8/PPP2PPP/RNBQKBNR w KQkq - 1 5,True,5,2,0.6666666666666666,0.7155555555555555
rnbqk1nr/pp1p1ppp/3Ppb2/2p5/4P3/5N2/PPP2PPP/RNBQKB1R b KQkq - 2 5,False,5,0,0,0
r1bqk1nr/pp1p1ppp/2nPpb2/2p5/4P3/5N2/PPP2PPP/RNBQKB1R w KQkq - 3 6,True,6,2,0.6666666666666666,0.7155555555555555
r1bqk1nr/pp1p1ppp/2nPpb2/2p5/4P3/5N2/PPP1QPPP/RNB1KB1R b KQkq - 4 6,False,6,0,0,0
r1bqk1nr/p2p1ppp/2nPpb2/1pp5/4P3/5N2/PPP1QPPP/RNB1KB1R w KQkq - 0 7,True,7,2,0.6666666666666666,0.7155555555555555
r1bqk1nr/p2p1ppp/2nPpb2/1pp1P3/8/5N2/PPP1QPPP/RNB1KB1R b KQkq - 0 7,False,7,0,0,0
r1b1k1nr/p2p1ppp/2nPpb2/qpp1P3/8/5N2/PPP1QPPP/RNB1KB1R w KQkq - 1 8,True,8,2,0.6666666666666666,0.7155555555555555
r1b1k1nr/p2p1ppp/2nPpb2/qpp1P3/8/5N2/PPPBQPPP/RN2KB1R b KQkq - 2 8,False,8,0,0,0
r1b1k1nr/p2p1ppp/1qnPpb2/1pp1P3/8/5N2/PPPBQPPP/RN2KB1R w KQkq - 3 9,True,9,2,0.6666666666666666,0.7155555555555555
r1b1k1nr/p2p1ppp/1qnPpP2/1pp5/8/5N2/PPPBQPPP/RN2KB1R b KQkq - 0 9,False,9,0,0,0
r3k1nr/pb1p1ppp/1qnPpP2/1pp5/8/5N2/PPPBQPPP/RN2KB1R w KQkq - 1 10,True,10,2,0.6666666666666666,0.7155555555555555
r3k1nr/pb1p1pPp/1qnPp3/1pp5/8/5N2/PPPBQPPP/RN2KB1R b KQkq - 0 10,False,10,0,0,0
3rk1nr/pb1p1pPp/1qnPp3/1pp5/8/5N2/PPPBQPPP/RN2KB1R w KQk - 1 11,True,11,2,0.6666666666666666,0.7155555555555555
3rk1nQ/pb1p1p1p/1qnPp3/1pp5/8/5N2/PPPBQPPP/RN2KB1R b KQ - 0 11,False,11,0,0,0
3rk1nQ/pb1pnp1p/1q1Pp3/1pp5/8/5N2/PPPBQPPP/RN2KB1R w KQ - 1 12,True,12,2,0.6666666666666666,0.7155555555555555
3rk1nQ/pb1pPp1p/1q2p3/1pp5/8/5N2/PPPBQPPP/RN2KB1R b KQ - 0 12,False,12,0,0,0
3r2nQ/pb1pkp1p/1q2p3/1pp5/8/5N2/PPPBQPPP/RN2KB1R w KQ - 0 13,True,13,2,0.6666666666666666,0.7155555555555555
3r2nQ/pb1pkp1p/1q2p3/1pp3B1/8/5N2/PPP1QPPP/RN2KB1R b KQ - 1 13,False,13,0,0,0
3r1knQ/pb1p1p1p/1q2p3/1pp3B1/8/5N2/PPP1QPPP/RN2KB1R w KQ - 2 14,True,14,2,0.6666666666666666,0.7155555555555555
3r1knQ/pb1p1p1p/1q2p3/1pp3B1/8/5N2/PPPNQPPP/R3KB1R b KQ - 3 14,False,14,0,0,0
3r1knQ/pb1p1p1p/1q6/1pp1p1B1/8/5N2/PPPNQPPP/R3KB1R w KQ - 0 15,True,15,2,0.6666666666666666,0.7155555555555555
3r1knQ/pb1p1p1p/1q6/1pp1Q1B1/8/5N2/PPPN1PPP/R3KB1R b KQ - 0 15,False,15,0,0,0
3r1knQ/pb1p1p1p/5q2/1pp1Q1B1/8/5N2/PPPN1PPP/R3KB1R w KQ - 1 16,True,16,2,0.6666666666666666,0.7155555555555555
3r1kn1/pb1p1p1p/5Q2/1pp1Q1B1/8/5N2/PPPN1PPP/R3KB1R b KQ - 0 16,False,16,0,0,0
4rkn1/pb1p1p1p/5Q2/1pp1Q1B1/8/5N2/PPPN1PPP/R3KB1R w KQ - 1 17,True,17,2,0.6666666666666666,0.7155555555555555
4rkn1/pb1p1p1p/5Q1B/1pp1Q3/8/5N2/PPPN1PPP/R3KB1R b KQ - 2 17,False,17,0,0,0
4rk2/pb1p1p1p/5Q1n/1pp1Q3/8/5N2/PPPN1PPP/R3KB1R w KQ - 0 18,True,18,2,0.6666666666666666,0.7155555555555555
rnbqkbnr/pppppppp/8/8/8/8/PPPPPPPP/RNBQKBNR w KQkq - 0 1,True,1,2,1.5,1.55
rnbqkbnr/pppppppp/8/8/8/5N2/PPPPPPPP/RNBQKB1R b KQkq - 1 1,False,1,0,0,0
rnbqkb1r/pppppppp/5n2/8/8/5N2/PPPPPPPP/RNBQKB1R w KQkq - 2 2,True,2,2,1.0,1.0333333333333334
rnbqkb1r/pppppppp/5n2/8/2P5/5N2/PP1PPPPP/RNBQKB1R b KQkq - 0 2,False,2,0,0,0
rnbqkb1r/pp1ppppp/5n2/2p5/2P5/5N2/PP1PPPPP/RNBQKB1R w KQkq - 0 3,True,3,2,1.0,1.0333333333333334
rnbqkb1r/pp1ppppp/5n2/2p5/2P5/5NP1/PP1PPP1P/RNBQKB1R b KQkq - 0 3,False,3,0,0,0
r1bqkb1r/pp1ppppp/2n2n2/2p5/2P5/5NP1/PP1PPP1P/RNBQKB1R w KQkq - 1 4,True,4,2,1.0,1.0333333333333334
r1bqkb1r/pp1ppppp/2n2n2/2p5/2P5/2N2NP1/PP1PPP1P/R1BQKB1R b KQkq - 2 4,False,4,0,0,0
r1bqkb1r/pp1p1ppp/2n1pn2/2p5/2P5/2N2NP1/PP1PPP1P/R1BQKB1R w KQkq - 0 5,True,5,2,1.0,1.0333333333333334
r1bqkb1r/pp1p1ppp/2n1pn2/2p5/2PP4/2N2NP1/PP2PP1P/R1BQKB1R b KQkq - 0 5,False,5,0,0,0
r1bqkb1r/pp3ppp/2n1pn2/2pp4/2PP4/2N2NP1/PP2PP1P/R1BQKB1R w KQkq - 0 6,True,6,2,1.0,1.0333333333333334
r1bqkb1r/pp3ppp/2n1pn2/2pp4/2PP1B2/2N2NP1/PP2PP1P/R2QKB1R b KQkq - 1 6,False,6,0,0,0
r1b1kb1r/pp3ppp/1qn1pn2/2pp4/2PP1B2/2N2NP1/PP2PP1P/R2QKB1R w KQkq - 2 7,True,7,2,1.0,1.0333333333333334
r1b1kb1r/pp3ppp/1qn1pn2/2pp4/N1PP1B2/5NP1/PP2PP1P/R2QKB1R b KQkq - 3 7,False,7,0,0,0
r1b1kb1r/pp3ppp/2n1pn2/q1pp4/N1PP1B2/5NP1/PP2PP1P/R2QKB1R w KQkq - 4 8,True,8,2,1.0,1.0333333333333334
r1b1kb1r/pp3ppp/2n1pn2/q1pp4/N1PP4/5NP1/PP1BPP1P/R2QKB1R b KQkq - 5 8,False,8,0,0,0
r1b1kb1r/ppq2ppp/2n1pn2/2pp4/N1PP4/5NP1/PP1BPP1P/R2QKB1R w KQkq - 6 9,True,9,2,1.0,1.0333333333333334
r1b1kb1r/ppq2ppp/2n1pn2/2pp4/N1PP1B2/5NP1/PP2PP1P/R2QKB1R b KQkq - 7 9,False,9,0,0,0
r1b1kb1r/pp2qppp/2n1pn2/2pp4/N1PP1B2/5NP1/PP2PP1P/R2QKB1R w KQkq - 8 10,True,10,2,1.0,1.0333333333333334
r1b1kb1r/pp2qppp/2n1pn2/2Pp4/N1P2B2/5NP1/PP2PP1P/R2QKB1R b KQkq - 0 10,False,10,0,0,0
r1b1kb1r/pp2qppp/2n1pn2/2P5/N1p2B2/5NP1/PP2PP1P/R2QKB1R w KQkq - 0 11,True,11,2,1.0,1.0333333333333334
r1b1kb1r/pp2qppp/2n1pn2/2P5/N1p2B2/6P1/PP1NPP1P/R2QKB1R b KQkq - 1 11,False,11,0,0,0
r1b1kb1r/pp2qppp/2n2n2/2P1p3/N1p2B2/6P1/PP1NPP1P/R2QKB1R w KQkq - 0 12,True,12,2,1.0,1.0333333333333334
r1b1kb1r/pp2qppp/2n2n2/2P1p3/N1p5/4B1P1/PP1NPP1P/R2QKB1R b KQkq - 1 12,False,12,0,0,0
r3kb1r/pp2qppp/2n2n2/2P1pb2/N1p5/4B1P1/PP1NPP1P/R2QKB1R w KQkq - 2 13,True,13,2,1.0,1.0333333333333334
r3kb1r/pp2qppp/2n2n2/2P1pb2/N1p5/4B1P1/PP1NPPBP/R2QK2R b KQkq - 3 13,False,13,0,0,0
r3kb1r/pp3ppp/2n1qn2/2P1pb2/N1p5/4B1P1/PP1NPPBP/R2QK2R w KQkq - 4 14,True,14,2,1.0,1.0333333333333334
r3kb1r/pp3ppp/2n1qn2/2P1pb2/2p5/2N1B1P1/PP1NPPBP/R2QK2R b KQkq - 5 14,False,14,0,0,0
r3kb1r/pp3ppp/2n1q3/2P1pb2/2p3n1/2N1B1P1/PP1NPPBP/R2QK2R w KQkq - 6 15,True,15,2,1.0,1.0333333333333334
r3kb1r/pp3ppp/2n1q3/2PBpb2/2p3n1/2N1B1P1/PP1NPP1P/R2QK2R b KQkq - 7 15,False,15,0,0,0
r3kb1r/pp3ppp/2n1q3/2PBpb2/2p5/2N1n1P1/PP1NPP1P/R2QK2R w KQkq - 0 16,True,16,2,1.0,1.0333333333333334
r3kb1r/pp3ppp/2n1q3/2PBpb2/2p5/2N1P1P1/PP1NP2P/R2QK2R b KQkq - 0 16,False,16,0,0,0
r3kb1r/pp1q1ppp/2n5/2PBpb2/2p5/2N1P1P1/PP1NP2P/R2QK2R w KQkq - 1 17,True,17,2,1.0,1.0333333333333334
r3kb1r/pp1q1ppp/2n5/2PBpb2/2p1N3/2N1P1P1/PP2P2P/R2QK2R b KQkq - 2 17,False,17,0,0,0
r3kb1r/pp1q1ppp/2n5/2PBp3/2p1b3/2N1P1P1/PP2P2P/R2QK2R w KQkq - 0 18,True,18,2,1.0,1.0333333333333334
r3kb1r/pp1q1ppp/2n5/2P1p3/2p1B3/2N1P1P1/PP2P2P/R2QK2R b KQkq - 0 18,False,18,0,0,0
r3k2r/pp1q1ppp/2n5/2b1p3/2p1B3/2N1P1P1/PP2P2P/R2QK2R w KQkq - 0 19,True,19,2,1.0,1.0333333333333334
r3k2r/pp1q1ppp/2n5/2b1p3/2p1B3/2N1P1P1/PP2P2P/R2QKR2 b Qkq - 1 19,False,19,0,0,0
r3k2r/pp1q2pp/2n2p2/2b1p3/2p1B3/2N1P1P1/PP2P2P/R2QKR2 w Qkq - 0 20,True,20,2,1.0,1.0333333333333334
r3k2r/pp1q2pp/2n2p2/2bNp3/2p1B3/4P1P1/PP2P2P/R2QKR2 b Qkq - 1 20,False,20,0,0,0
r4rk1/pp1q2pp/2n2p2/2bNp3/2p1B3/4P1P1/PP2P2P/R2QKR2 w Q - 2 21,True,21,2,1.0,1.0333333333333334
r4rk1/pp1q2pp/2n2N2/2b1p3/2p1B3/4P1P1/PP2P2P/R2QKR2 b Q - 0 21,False,21,0,0,0
r4r1k/pp1q2pp/2n2N2/2b1p3/2p1B3/4P1P1/PP2P2P/R2QKR2 w Q - 1 22,True,22,2,1.0,1.0333333333333334
r4r1k/pp1Q2pp/2n2N2/2b1p3/2p1B3/4P1P1/PP2P2P/R3KR2 b Q - 0 22,False,22,0,0,0
r4r1k/pp1Qb1pp/2n2N2/4p3/2p1B3/4P1P1/PP2P2P/R3KR2 w Q - 1 23,True,23,2,1.0,1.0333333333333334
r4r1k/pp1Qb1pp/2n2N2/4p3/2p1B3/4P1P1/PP2P2P/2KR1R2 b - - 2 23,False,23,0,0,0
r4r1k/pp1Qb1pp/5N2/4p3/1np1B3/4P1P1/PP2P2P/2KR1R2 w - - 3 24,True,24,2,1.0,1.0333333333333334
r4r1k/pp2Q1pp/5N2/4p3/1np1B3/4P1P1/PP2P2P/2KR1R2 b - - 0 24,False,24,0,0,0
r4r1k/pp2Q1pp/5N2/4p3/2p1B3/4P1P1/nP2P2P/2KR1R2 w - - 0 25,True,25,2,1.0,1.0333333333333334
r4r1k/pp2Q1pp/5N2/4p3/2p1B3/4P1P1/nP2P2P/1K1R1R2 b - - 1 25,False,25,0,0,0
r4r1k/1p2Q1pp/p4N2/4p3/2p1B3/4P1P1/nP2P2P/1K1R1R2 w - - 0 26,True,26,2,1.0,1.0333333333333334
r4r1k/1p1NQ1pp/p7/4p3/2p1B3/4P1P1/nP2P2P/1K1R1R2 b - - 1 26,False,26,0,0,0
r6k/1p1NQ1pp/p7/4p3/2p1Br2/4P1P1/nP2P2P/1K1R1R2 w - - 2 27,True,27,2,1.0,1.0333333333333334
r6k/1p1NQ1pp/p7/4p3/2p1BP2/4P3/nP2P2P/1K1R1R2 b - - 0 27,False,27,0,0,0
1r5k/1p1NQ1pp/p7/4p3/2p1BP2/4P3/nP2P2P/1K1R1R2 w - - 1 28,True,28,2,1.0,1.0333333333333334
1r5k/1p1NQ1pp/p7/4p3/2p1BP2/4P3/KP2P2P/3R1R2 b - - 0 28,False,28,0,0,0
1r5k/1p1NQ1pp/p7/4p3/4BP2/2p1P3/KP2P2P/3R1R2 w - - 0 29,True,29,2,1.0,1.0333333333333334
1N5k/1p2Q1pp/p7/4p3/4BP2/2p1P3/KP2P2P/3R1R2 b - - 0 29,False,29,0,0,0
1N5k/4Q1pp/pp6/4p3/4BP2/2p1P3/KP2P2P/3R1R2 w - - 0 30,True,30,2,1.0,1.0333333333333334
rnbqkbnr/pppppppp/8/8/8/8/PPPPPPPP/RNBQKBNR w KQkq - 0 1,True,1,0,0,0
rnbqkbnr/pppppppp/8/8/4P3/8/PPPP1PPP/RNBQKBNR b KQkq - 0 1,False,1,2,1.5,1.395
rnbqkbnr/pp1ppppp/8/2p5/4P3/8/PPPP1PPP/RNBQKBNR w KQkq - 0 2,True,2,0,0,0
rnbqkbnr/pp1ppppp/8/2p5/2B1P3/8/PPPP1PPP/RNBQK1NR b KQkq - 1 2,False,2,2,5.0625,4.708125
rnbqkbnr/pp1p1ppp/4p3/2p5/2B1P3/8/PPPP1PPP/RNBQK1NR w KQkq - 0 3,True,3,0,0,0
rnbqkbnr/pp1p1ppp/4p3/2p5/2B1P3/2N5/PPPP1PPP/R1BQK1NR b KQkq - 1 3,False,3,2,5.0625,4.708125
rnbqkb1r/pp1p1ppp/4pn2/2p5/2B1P3/2N5/PPPP1PPP/R1BQK1NR w KQkq - 2 4,True,4,0,0,0
rnbqkb1r/pp1p1ppp/4pn2/2p5/2B1P3/2N2N2/PPPP1PPP/R1BQK2R b KQkq - 3 4,False,4,2,5.0625,4.708125
rnbqkb1r/pp3ppp/4pn2/2pp4/2B1P3/2N2N2/PPPP1PPP/R1BQK2R w KQkq - 0 5,True,5,0,0,0
rnbqkb1r/pp3ppp/4pn2/2pP4/2B5/2N2N2/PPPP1PPP/R1BQK2R b KQkq - 0 5,False,5,2,5.0625,4.708125
rnbqkb1r/pp3ppp/5n2/2pp4/2B5/2N2N2/PPPP1PPP/R1BQK2R w KQkq - 0 6,True,6,0,0,0
rnbqkb1r/pp3ppp/5n2/2pp4/8/1BN2N2/PPPP1PPP/R1BQK2R b KQkq - 1 6,False,6,2,5.0625,4.708125
r1bqkb1r/pp3ppp/2n2n2/2pp4/8/1BN2N2/PPPP1PPP/R1BQK2R w KQkq - 2 7,True,7,0,0,0
r1bqkb1r/pp3ppp/2n2n2/2pp4/8/1BN2N2/PPPP1PPP/R1BQ1RK1 b kq - 3 7,False,7,2,5.0625,4.708125
r1bqk2r/pp2bppp/2n2n2/2pp4/8/1BN2N2/PPPP1PPP/R1BQ1RK1 w kq - 4 8,True,8,0,0,0
r1bqk2r/pp2bppp/2n2n2/2pp4/3P4/1BN2N2/PPP2PPP/R1BQ1RK1 b kq - 0 8,False,8,2,5.0625,4.708125
r1bqk2r/pp2bppp/2n2n2/3p4/2pP4/1BN2N2/PPP2PPP/R1BQ1RK1 w kq - 0 9,True,9,0,0,0
r1bqk2r/pp2bppp/2n2n2/3p4/B1pP4/2N2N2/PPP2PPP/R1BQ1RK1 b kq - 1 9,False,9,2,5.0625,4.708125
r1bq1rk1/pp2bppp/2n2n2/3p4/B1pP4/2N2N2/PPP2PPP/R1BQ1RK1 w - - 2 10,True,10,0,0,0
r1bq1rk1/pp2bppp/2n2n2/3pN3/B1pP4/2N5/PPP2PPP/R1BQ1RK1 b - - 3 10,False,10,2,5.0625,4.708125
r1b2rk1/pp2bppp/1qn2n2/3pN3/B1pP4/2N5/PPP2PPP/R1BQ1RK1 w - - 4 11,True,11,0,0,0
r1b2rk1/pp2bppp/1qB2n2/3pN3/2pP4/2N5/PPP2PPP/R1BQ1RK1 b - - 0 11,False,11,2,5.0625,4.708125
r1b2rk1/p3bppp/1qp2n2/3pN3/2pP4/2N5/PPP2PPP/R1BQ1RK1 w - - 0 12,True,12,0,0,0
r1b2rk1/p3bppp/1qp2n2/3pN3/2pP4/2N4P/PPP2PP1/R1BQ1RK1 b - - 0 12,False,12,2,5.0625,4.708125
r4rk1/p3bppp/1qp2n2/3pNb2/2pP4/2N4P/PPP2PP1/R1BQ1RK1 w - - 1 13,True,13,0,0,0
r4rk1/p3bppp/1qp2n2/3pNb2/2pP4/1PN4P/P1P2PP1/R1BQ1RK1 b - - 0 13,False,13,2,5.0625,4.708125
r4rk1/p3bpp1/1qp2n1p/3pNb2/2pP4/1PN4P/P1P2PP1/R1BQ1RK1 w - - 0 14,True,14,0,0,0
r4rk1/p3bpp1/1qp2n1p/3pNb2/2PP4/2N4P/P1P2PP1/R1BQ1RK1 b - - 0 14,False,14,2,5.0625,4.708125
r4rk1/p3bpp1/1qp2n1p/4Nb2/2pP4/2N4P/P1P2PP1/R1BQ1RK1 w - - 0 15,True,15,0,0,0
r4rk1/p3bpp1/1qp2n1p/4Nb2/2pP1B2/2N4P/P1P2PP1/R2Q1RK1 b - - 1 15,False,15,2,5.0625,4.708125
r3r1k1/p3bpp1/1qp2n1p/4Nb2/2pP1B2/2N4P/P1P2PP1/R2Q1RK1 w - - 2 16,True,16,0,0,0
r3r1k1/p3bpp1/1qp2n1p/4Nb2/2pP1B2/2N4P/P1P2PP1/R2QR1K1 b - - 3 16,False,16,2,5.0625,4.708125
r3r1k1/p3bpp1/2p2n1p/4Nb2/2pP1B2/2N4P/PqP2PP1/R2QR1K1 w - - 4 17,True,17,0,0,0
r3r1k1/p3bpp1/2p2n1p/4Nb2/2pP1B2/2N2Q1P/PqP2PP1/R3R1K1 b - - 5 17,False,17,2,5.0625,4.708125
r3r1k1/p4pp1/2p2n1p/4Nb2/1bpP1B2/2N2Q1P/PqP2PP1/R3R1K1 w - - 6 18,True,18,0,0,0
r3r1k1/p4pp1/2p2n1p/4Nb2/1bpP4/2N2Q1P/PqPB1PP1/R3R1K1 b - - 7 18,False,18,2,5.0625,4.708125
r3r1k1/p4pp1/2p2n1p/4Nb2/1bpP4/2N2Q1P/P1qB1PP1/R3R1K1 w - - 0 19,True,19,0,0,0
r3r1k1/p4pp1/2p2n1p/5b2/1bNP4/2N2Q1P/P1qB1PP1/R3R1K1 b - - 0 19,False,19,2,5.0625,4.708125
r5k1/p4pp1/2p2n1p/5b2/1bNP4/2N2Q1P/P1qB1PP1/R3r1K1 w - - 0 20,True,20,0,0,0
r5k1/p4pp1/2p2n1p/5b2/1bNP4/2N2Q1P/P1qB1PP1/4R1K1 b - - 0 20,False,20,2,5.0625,4.708125
3r2k1/p4pp1/2p2n1p/5b2/1bNP4/2N2Q1P/P1qB1PP1/4R1K1 w - - 1 21,True,21,0,0,0
3r2k1/p4pp1/2p2n1p/5b2/1bNP4/P1N2Q1P/2qB1PP1/4R1K1 b - - 0 21,False,21,2,5.0625,4.708125
3r1bk1/p4pp1/2p2n1p/5b2/2NP4/P1N2Q1P/2qB1PP1/4R1K1 w - - 1 22,True,22,0,0,0
3r1bk1/p4pp1/2p2n1p/5b2/2NP4/P1N2Q1P/2qB1PP1/3R2K1 b - - 2 22,False,22,2,5.0625,4.708125
5bk1/p4pp1/2p2n1p/5b2/2Nr4/P1N2Q1P/2qB1PP1/3R2K1 w - - 0 23,True,23,0,0,0
5bk1/p4pp1/2p2n1p/5b2/3r4/P1N1NQ1P/2qB1PP1/3R2K1 b - - 1 23,False,23,2,5.0625,4.708125
5bk1/p4pp1/2p2n1p/5b2/3r4/P1N1NQ1P/1q1B1PP1/3R2K1 w - - 2 24,True,24,0,0,0
5bk1/p4pp1/2p2n1p/5N2/3r4/P1N2Q1P/1q1B1PP1/3R2K1 b - - 0 24,False,24,2,5.0625,4.708125
5bk1/p4pp1/2p2n1p/5N2/8/P1N2Q1P/1q1r1PP1/3R2K1 w - - 0 25,True,25,0,0,0
5bk1/p4pp1/2p2n1N/8/8/P1N2Q1P/1q1r1PP1/3R2K1 b - - 0 25,False,25,2,5.0625,4.708125
5bk1/p4p2/2p2n1p/8/8/P1N2Q1P/1q1r1PP1/3R2K1 w - - 0 26,True,26,0,0,0
5bk1/p4p2/2p2n1p/8/8/P1N2Q1P/1q1r1PP1/1R4K1 b - - 1 26,False,26,2,5.0625,4.708125
5bk1/p4p2/2p2n1p/8/8/P1N2Q1P/2qr1PP1/1R4K1 w - - 2 27,True,27,0,0,0
5bk1/p4p2/2p2Q1p/8/8/P1N4P/2qr1PP1/1R4K1 b - - 0 27,False,27,2,5.0625,4.708125
5bk1/p4p2/2p2Qqp/8/8/P1N4P/3r1PP1/1R4K1 w - - 1 28,True,28,0,0,0
5bk1/p4p2/2p3qp/8/5Q2/P1N4P/3r1PP1/1R4K1 b - - 2 28,False,28,2,5.0625,4.708125
5bk1/p4p2/2p4p/8/5Q2/P1N4P/3r1PP1/1q4K1 w - - 0 29,True,29,0,0,0
5bk1/p4p2/2p4p/8/5Q2/P6P/3r1PP1/1N4K1 b - - 0 29,False,29,2,5.0625,4.708125
5bk1/p4p2/2p4p/8/5Q2/P6P/5PP1/1N1r2K1 w - - 1 30,True,30,0,0,0
5bk1/p4p2/2p4p/8/5Q2/P6P/5PPK/1N1r4 b - - 2 30,False,30,2,5.0625,4.708125
6k1/p4p2/2pb3p/8/5Q2/P6P/5PPK/1N1r4 w - - 3 31,True,31,0,0,0
6k1/p4p2/2pb3p/8/5Q2/P1N4P/5PPK/3r4 b - - 4 31,False,31,2,5.0625,4.708125
6k1/p4p2/2pb3p/8/5Q2/P1Nr3P/5PPK/8 w - - 5 32,True,32,0,0,0
6k1/p4p2/2pQ3p/8/8/P1Nr3P/5PPK/8 b - - 0 32,False,32,2,5.0625,4.708125
6k1/p4p2/2pr3p/8/8/P1N4P/5PPK/8 w - - 0 33,True,33,0,0,0
6k1/p4p2/2pr3p/8/P7/2N4P/5PPK/8 b - - 0 33,False,33,2,5.0625,4.708125
6k1/p4p2/2p4p/8/P7/2Nr3P/5PPK/8 w - - 1 34,True,34,0,0,0
6k1/p4p2/2p4p/8/P3N3/3r3P/5PPK/8 b - - 2 34,False,34,2,5.0625,4.708125
6k1/p4p2/2p4p/8/P2rN3/7P/5PPK/8 w - - 3 35,True,35,0,0,0
6k1/p4p2/2p4p/8/P2r4/6NP/5PPK/8 b - - 4 35,False,35,2,5.0625,4.708125
6k1/p4p2/2p4p/8/r7/6NP/5PPK/8 w - - 0 36,True,36,0,0,0
6k1/p4p2/2p4p/5N2/r7/7P/5PPK/8 b - - 1 36,False,36,2,5.0625,4.708125
8/p4p1k/2p4p/5N2/r7/7P/5PPK/8 w - - 2 37,True,37,0,0,0
8/p4p1k/2pN3p/8/r7/7P/5PPK/8 b - - 3 37,False,37,2,5.0625,4.708125
6k1/p4p2/2pN3p/8/r7/7P/5PPK/8 w - - 4 38,True,38,0,0,0
6k1/pN3p2/2p4p/8/r7/7P/5PPK/8 b - - 5 38,False,38,2,5.0625,4.708125
6k1/pN3p2/2p4p/8/8/7P/r4PPK/8 w - - 6 39,True,39,0,0,0
6k1/pN3p2/2p4p/8/6P1/7P/r4P1K/8 b - - 0 39,False,39,2,5.0625,4.708125
6k1/pN3p2/2p4p/8/6P1/7P/1r3P1K/8 w - - 1 40,True,40,0,0,0
6k1/p4p2/2p4p/N7/6P1/7P/1r3P1K/8 b - - 2 40,False,40,2,5.0625,4.708125
6k1/p4p2/2p4p/Nr6/6P1/7P/5P1K/8 w - - 3 41,True,41,0,0,0
6k1/p4p2/2p4p/Nr6/5PP1/7P/7K/8 b - - 0 41,False,41,2,5.0625,4.708125
6k1/p4p2/2p4p/r7/5PP1/7P/7K/8 w - - 0 42,True,42,0,0,0
6k1/p4p2/2p4p/r5P1/5P2/7P/7K/8 b - - 0 42,False,42,2,5.0625,4.708125
6k1/p4p2/2p5/r5p1/5P2/7P/7K/8 w - - 0 43,True,43,0,0,0
6k1/p4p2/2p5/r5P1/8/7P/7K/8 b - - 0 43,False,43,2,5.0625,4.708125
6k1/p4p2/2p5/6r1/8/7P/7K/8 w - - 0 44,True,44,0,0,0
6k1/p4p2/2p5/6r1/8/7P/8/7K b - - 1 44,False,44,2,5.0625,4.708125
8/p4p1k/2p5/6r1/8/7P/8/7K w - - 2 45,True,45,0,0,0
8/p4p1k/2p5/6r1/7P/8/8/7K b - - 0 45,False,45,2,5.0625,4.708125
8/p4p1k/2p5/3r4/7P/8/8/7K w - - 1 46,True,46,0,0,0
8/p4p1k/2p5/3r4/7P/8/6K1/8 b - - 2 46,False,46,2,5.0625,4.708125
8/5p1k/p1p5/3r4/7P/8/6K1/8 w - - 0 47,True,47,0,0,0
8/5p1k/p1p5/3r4/7P/6K1/8/8 b - - 1 47,False,47,2,5.0625,4.708125
8/5p1k/2p5/p2r4/7P/6K1/8/8 w - - 0 48,True,48,0,0,0
8/5p1k/2p5/p2r4/7P/8/5K2/8 b - - 1 48,False,48,2,5.0625,4.708125
8/5p1k/2p5/p4r2/7P/8/5K2/8 w - - 2 49,True,49,0,0,0
8/5p1k/2p5/p4r2/7P/8/8/4K3 b - - 3 49,False,49,2,5.0625,4.708125
8/5p1k/2p5/p2r4/7P/8/8/4K3 w - - 4 50,True,50,0,0,0
8/5p1k/2p5/p2r4/7P/8/8/5K2 b - - 5 50,False,50,2,5.0625,4.708125
8/5p1k/2p5/p7/7P/8/3r4/5K2 w - - 6 51,True,51,0,0,0
8/5p1k/2p5/p7/7P/8/3r4/4K3 b - - 7 51,False,51,2,5.0625,4.708125
8/5p1k/2p5/p7/7P/8/1r6/4K3 w - - 8 52,True,52,0,0,0
8/5p1k/2p5/p6P/8/8/1r6/4K3 b - - 0 52,False,52,2,5.0625,4.708125
8/5p1k/8/p1p4P/8/8/1r6/4K3 w - - 0 53,True,53,0,0,0
8/5p1k/8/p1p4P/8/8/1r6/5K2 b - - 1 53,False,53,2,5.0625,4.708125
8/5p1k/8/p1p4P/8/8/3r4/5K2 w - - 2 54,True,54,0,0,0
8/5p1k/7P/p1p5/8/8/3r4/5K2 b - - 0 54,False,54,2,5.0625,4.708125
8/5p2/7k/p1p5/8/8/3r4/5K2 w - - 0 55,True,55,0,0,0
8/5p2/7k/p1p5/8/8/3r4/6K1 b - - 1 55,False,55,2,5.0625,4.708125
8/5p2/7k/p1p5/8/8/1r6/6K1 w - - 2 56,True,56,0,0,0
8/5p2/7k/p1p5/8/8/1r6/5K2 b - - 3 56,False,56,2,5.0625,4.708125
8/8/5p1k/p1p5/8/8/1r6/5K2 w - - 0 57,True,57,0,0,0
8/8/5p1k/p1p5/8/8/1r6/4K3 b - - 1 57,False,57,2,5.0625,4.708125
8/8/5p2/p1p4k/8/8/1r6/4K3 w - - 2 58,True,58,0,0,0
8/8/5p2/p1p4k/8/8/1r6/3K4 b - - 3 58,False,58,2,5.0625,4.708125
8/8/5p2/2p4k/p7/8/1r6/3K4 w - - 0 59,True,59,0,0,0
8/8/5p2/2p4k/p7/8/1r6/4K3 b - - 1 59,False,59,2,5.0625,4.708125
8/8/5p2/2p4k/8/p7/1r6/4K3 w - - 0 60,True,60,0,0,0
8/8/5p2/2p4k/8/p7/1r6/5K2 b - - 1 60,False,60,2,5.0625,4.708125
8/8/5p2/2p4k/8/8/pr6/5K2 w - - 0 61,True,61,0,0,0
8/8/5p2/2p4k/8/8/pr6/6K1 b - - 1 61,False,61,2,5.0625,4.708125
